<?xml version="1.0" encoding="utf-8" ?>
<dwsync>
<file name="tiger-1.png" server="www.devisio.ro//public_html/" local="130251355816758334" remote="130334002200000000" />
<file name="fs-pager.png" server="www.devisio.ro//public_html/" local="130057059020000000" remote="130334002200000000" />
<file name="fs-prevnext.png" server="www.devisio.ro//public_html/" local="130057059020000000" remote="130334002200000000" />
<file name="fs-spinner.gif" server="www.devisio.ro//public_html/" local="130311752715001523" remote="130334002200000000" />
<file name="waves-1.png" server="www.devisio.ro//public_html/" local="130286723745813377" remote="130334002200000000" />
<file name="human-1.png" server="www.devisio.ro//public_html/" local="130315311835683257" remote="130334002200000000" />
<file name="ipad.png" server="www.devisio.ro//public_html/" local="130311731765563284" remote="130334002200000000" />
<file name="iphone.png" server="www.devisio.ro//public_html/" local="130311735791143534" remote="130334002200000000" />
<file name="mac-book.png" server="www.devisio.ro//public_html/" local="130311708352664143" remote="130334002200000000" />
<file name="tiger-2.png" server="www.devisio.ro//public_html/" local="130315317748741464" remote="130334002200000000" />
</dwsync>