<?xml version="1.0" encoding="utf-8" ?>
<dwsync>
<file name="adidas.png" server="www.devisio.ro//public_html/" local="130253463036128691" remote="130334002200000000" />
<file name="apple.png" server="www.devisio.ro//public_html/" local="130253462664827454" remote="130334002200000000" />
<file name="lufthansa.png" server="www.devisio.ro//public_html/" local="130200197468832771" remote="130334002200000000" />
<file name="microsoft.png" server="www.devisio.ro//public_html/" local="130200200760891066" remote="130334002200000000" />
<file name="orange.png" server="www.devisio.ro//public_html/" local="130200188638997733" remote="130334002200000000" />
<file name="pure.png" server="www.devisio.ro//public_html/" local="130200193563259385" remote="130334002200000000" />
<file name="sony.png" server="www.devisio.ro//public_html/" local="130253463716217590" remote="130334002200000000" />
<file name="starbucks.png" server="www.devisio.ro//public_html/" local="130253463512935963" remote="130334002200000000" />
<file name="beats.png" server="www.devisio.ro//public_html/" local="130316012142824570" remote="130334002200000000" />
<file name="bootstrap.png" server="www.devisio.ro//public_html/" local="130316013226516554" remote="130334002200000000" />
<file name="Canon.png" server="www.devisio.ro//public_html/" local="130316106086757856" remote="130334002200000000" />
<file name="Coca.png" server="www.devisio.ro//public_html/" local="130316106052795913" remote="130334002200000000" />
<file name="Dell.png" server="www.devisio.ro//public_html/" local="130316106124209998" remote="130334002200000000" />
<file name="Diesel.png" server="www.devisio.ro//public_html/" local="130316106159482015" remote="130334002200000000" />
<file name="disney.png" server="www.devisio.ro//public_html/" local="130316017078506875" remote="130334002200000000" />
<file name="Fedex.png" server="www.devisio.ro//public_html/" local="130316106351683009" remote="130334002200000000" />
</dwsync>